	name	height	weight	bmi
0	Oveys	1.74	73	24.111507464658473
1	Ala	1.64	54	20.077334919690664
2	Mohammad	1.67	48	17.21108680841909
